intensidade;CO_UF;DS_UF_SIGLA;ano;semana_epi
Baixo risco;53;DF;2026;39
Segurança;52;GO;2026;39
Risco;51;MT;2026;39
Alerta;50;MS;2026;39
Alerta;43;RS;2026;39
Alerta;42;SC;2026;39
Segurança;41;PR;2026;39
Baixo risco;35;SP;2026;39
Segurança;33;RJ;2026;39
Segurança;32;ES;2026;39
Segurança;31;MG;2026;39
Segurança;29;BA;2026;39
Alerta;28;SE;2026;39
Alerta;27;AL;2026;39
Baixo risco;26;PE;2026;39
Segurança;25;PB;2026;39
Baixo risco;24;RN;2026;39
Baixo risco;23;CE;2026;39
Segurança;22;PI;2026;39
Alerta;21;MA;2026;39
Segurança;17;TO;2026;39
Baixo risco;16;AP;2026;39
Segurança;15;PA;2026;39
Alto risco;14;RR;2026;39
Segurança;13;AM;2026;39
Baixo risco;12;AC;2026;39
Baixo risco;11;RO;2026;39
